line,original_path,suggested_ascii_path
190,/our-communities/mohammed-bin-rاشد-city/sobha-hartland-ii/skyscape/aura/apartments/2-bedroom/,/our-communities/mohammed-bin-r-city/sobha-hartland-ii/skyscape/aura/apartments/2-bedroom/
191,/our-communities/mohammed-bin-rاشد-city/sobha-hartland-ii/skyscape/aura/apartments/3-bedroom/,/our-communities/mohammed-bin-r-city/sobha-hartland-ii/skyscape/aura/apartments/3-bedroom/
192,/our-communities/mohammed-bin-rاشد-city/sobha-hartland-ii/skyscape/altius/,/our-communities/mohammed-bin-r-city/sobha-hartland-ii/skyscape/altius/
193,/our-communities/mohammed-bin-rاشد-city/sobha-hartland-ii/skyscape/altius/apartments/,/our-communities/mohammed-bin-r-city/sobha-hartland-ii/skyscape/altius/apartments/
194,/our-communities/mohammed-bin-rاشد-city/sobha-hartland-ii/skyscape/altius/apartments/2-bedroom/,/our-communities/mohammed-bin-r-city/sobha-hartland-ii/skyscape/altius/apartments/2-bedroom/
195,/our-communities/mohammed-bin-rاشد-city/sobha-hartland-ii/skyscape/altius/apartments/3-bedroom/,/our-communities/mohammed-bin-r-city/sobha-hartland-ii/skyscape/altius/apartments/3-bedroom/
196,/our-communities/mohammed-bin-rاشد-city/sobha-hartland-ii/skyscape/altius/apartments/4-bedroom/,/our-communities/mohammed-bin-r-city/sobha-hartland-ii/skyscape/altius/apartments/4-bedroom/
197,/our-communities/mohammed-bin-rاشد-city/sobha-hartland-ii/skyscape/avenue/,/our-communities/mohammed-bin-r-city/sobha-hartland-ii/skyscape/avenue/
198,/our-communities/mohammed-bin-rاشد-city/sobha-hartland-ii/skyscape/avenue/apartments/,/our-communities/mohammed-bin-r-city/sobha-hartland-ii/skyscape/avenue/apartments/
199,/our-communities/mohammed-bin-rاشد-city/sobha-hartland-ii/skyscape/avenue/apartments/1.5-bedroom/,/our-communities/mohammed-bin-r-city/sobha-hartland-ii/skyscape/avenue/apartments/1.5-bedroom/
200,/our-communities/mohammed-bin-rاشد-city/sobha-hartland-ii/skyscape/avenue/apartments/2.5-bedroom/,/our-communities/mohammed-bin-r-city/sobha-hartland-ii/skyscape/avenue/apartments/2.5-bedroom/
201,/our-communities/mohammed-bin-rاشد-city/sobha-hartland-ii/skyscape/avenue/apartments/3.5-bedroom/,/our-communities/mohammed-bin-r-city/sobha-hartland-ii/skyscape/avenue/apartments/3.5-bedroom/
202,/our-communities/mohammed-bin-rاشد-city/sobha-hartland-ii/skyvue/,/our-communities/mohammed-bin-r-city/sobha-hartland-ii/skyvue/
203,/our-communities/mohammed-bin-rاشد-city/sobha-hartland-ii/skyvue/apartments/,/our-communities/mohammed-bin-r-city/sobha-hartland-ii/skyvue/apartments/
204,/our-communities/mohammed-bin-rاشد-city/sobha-hartland-ii/skyvue/apartments/1-bedroom/,/our-communities/mohammed-bin-r-city/sobha-hartland-ii/skyvue/apartments/1-bedroom/
205,/our-communities/mohammed-bin-rاشد-city/sobha-hartland-ii/skyvue/apartments/2-bedroom/,/our-communities/mohammed-bin-r-city/sobha-hartland-ii/skyvue/apartments/2-bedroom/
206,/our-communities/mohammed-bin-rاشد-city/sobha-hartland-ii/skyvue/apartments/3-bedroom/,/our-communities/mohammed-bin-r-city/sobha-hartland-ii/skyvue/apartments/3-bedroom/
207,/our-communities/mohammed-bin-rاشد-city/sobha-hartland-ii/skyvue/apartments/4-bedroom/,/our-communities/mohammed-bin-r-city/sobha-hartland-ii/skyvue/apartments/4-bedroom/
208,/our-communities/mohammed-bin-rاشد-city/sobha-one/,/our-communities/mohammed-bin-r-city/sobha-one/
209,/our-communities/mohammed-bin-rاشد-city/sobha-one/apartments/,/our-communities/mohammed-bin-r-city/sobha-one/apartments/
210,/our-communities/mohammed-bin-rاشد-city/sobha-one/apartments/1-bedroom/,/our-communities/mohammed-bin-r-city/sobha-one/apartments/1-bedroom/
211,/our-communities/mohammed-bin-rاشد-city/sobha-one/apartments/1.5-bedroom/,/our-communities/mohammed-bin-r-city/sobha-one/apartments/1.5-bedroom/
212,/our-communities/mohammed-bin-rاشد-city/sobha-one/apartments/2-bedroom/,/our-communities/mohammed-bin-r-city/sobha-one/apartments/2-bedroom/
213,/our-communities/mohammed-bin-rاشد-city/sobha-one/apartments/3-bedroom/,/our-communities/mohammed-bin-r-city/sobha-one/apartments/3-bedroom/
214,/our-communities/mohammed-bin-rاشد-city/sobha-one/apartments/4-bedroom/,/our-communities/mohammed-bin-r-city/sobha-one/apartments/4-bedroom/
215,/our-communities/mohammed-bin-rاشد-city/sobha-one/apartments/duplexes/,/our-communities/mohammed-bin-r-city/sobha-one/apartments/duplexes/
216,/our-communities/mohammed-bin-rاشد-city/sobha-seahaven/,/our-communities/mohammed-bin-r-city/sobha-seahaven/
217,/our-communities/mohammed-bin-rاشد-city/sobha-seahaven/apartments/,/our-communities/mohammed-bin-r-city/sobha-seahaven/apartments/
218,/our-communities/mohammed-bin-rاشد-city/sobha-seahaven/apartments/1-bedroom/,/our-communities/mohammed-bin-r-city/sobha-seahaven/apartments/1-bedroom/
219,/our-communities/mohammed-bin-rاشد-city/sobha-seahaven/apartments/2-bedroom/,/our-communities/mohammed-bin-r-city/sobha-seahaven/apartments/2-bedroom/
220,/our-communities/mohammed-bin-rاشد-city/sobha-seahaven/apartments/3-bedroom/,/our-communities/mohammed-bin-r-city/sobha-seahaven/apartments/3-bedroom/
221,/our-communities/mohammed-bin-rاشد-city/sobha-seahaven/apartments/4-bedroom/,/our-communities/mohammed-bin-r-city/sobha-seahaven/apartments/4-bedroom/
222,/our-communities/mohammed-bin-rاشد-city/sobha-s-tower/,/our-communities/mohammed-bin-r-city/sobha-s-tower/
223,/our-communities/mohammed-bin-rاشد-city/sobha-s-tower/apartments/,/our-communities/mohammed-bin-r-city/sobha-s-tower/apartments/
224,/our-communities/mohammed-bin-rاشد-city/sobha-s-tower/apartments/4-bedroom/,/our-communities/mohammed-bin-r-city/sobha-s-tower/apartments/4-bedroom/
225,/our-communities/mohammed-bin-rاشد-city/sobha-s-tower/apartments/5-bedroom/,/our-communities/mohammed-bin-r-city/sobha-s-tower/apartments/5-bedroom/
226,/our-communities/mohammed-bin-rاشد-city/sobha-solis/,/our-communities/mohammed-bin-r-city/sobha-solis/
227,/our-communities/mohammed-bin-rاشد-city/sobha-solis/apartments/,/our-communities/mohammed-bin-r-city/sobha-solis/apartments/
228,/our-communities/mohammed-bin-rاشد-city/sobha-solis/apartments/1-bedroom/,/our-communities/mohammed-bin-r-city/sobha-solis/apartments/1-bedroom/
229,/our-communities/mohammed-bin-rاشد-city/sobha-solis/apartments/1.5-bedroom/,/our-communities/mohammed-bin-r-city/sobha-solis/apartments/1.5-bedroom/
230,/our-communities/mohammed-bin-rاشد-city/sobha-solis/apartments/2-bedroom/,/our-communities/mohammed-bin-r-city/sobha-solis/apartments/2-bedroom/
231,/our-communities/mohammed-bin-rاشد-city/sobha-solis/apartments/3-bedroom/,/our-communities/mohammed-bin-r-city/sobha-solis/apartments/3-bedroom/
232,/our-communities/mohammed-bin-rاشد-city/sobha-orbis/,/our-communities/mohammed-bin-r-city/sobha-orbis/
233,/our-communities/mohammed-bin-rاشد-city/sobha-orbis/apartments/,/our-communities/mohammed-bin-r-city/sobha-orbis/apartments/
234,/our-communities/mohammed-bin-rاشد-city/sobha-orbis/apartments/1-bedroom/,/our-communities/mohammed-bin-r-city/sobha-orbis/apartments/1-bedroom/
235,/our-communities/mohammed-bin-rاشد-city/sobha-orbis/apartments/1.5-bedroom/,/our-communities/mohammed-bin-r-city/sobha-orbis/apartments/1.5-bedroom/
236,/our-communities/mohammed-bin-rاشد-city/sobha-orbis/apartments/2-bedroom/,/our-communities/mohammed-bin-r-city/sobha-orbis/apartments/2-bedroom/
237,/our-communities/mohammed-bin-rاشد-city/sobha-reserve/,/our-communities/mohammed-bin-r-city/sobha-reserve/
238,/our-communities/mohammed-bin-rاشد-city/sobha-reserve/apartments/,/our-communities/mohammed-bin-r-city/sobha-reserve/apartments/
239,/our-communities/mohammed-bin-rاشد-city/sobha-reserve/apartments/1-bedroom/,/our-communities/mohammed-bin-r-city/sobha-reserve/apartments/1-bedroom/
240,/our-communities/mohammed-bin-rاشد-city/sobha-reserve/apartments/2-bedroom/,/our-communities/mohammed-bin-r-city/sobha-reserve/apartments/2-bedroom/
241,/our-communities/mohammed-bin-rاشد-city/sobha-elwood/,/our-communities/mohammed-bin-r-city/sobha-elwood/
242,/our-communities/mohammed-bin-rاشد-city/sobha-elwood/apartments/,/our-communities/mohammed-bin-r-city/sobha-elwood/apartments/
243,/our-communities/mohammed-bin-rاشد-city/sobha-elwood/apartments/2-bedroom/,/our-communities/mohammed-bin-r-city/sobha-elwood/apartments/2-bedroom/
244,/our-communities/mohammed-bin-rاشد-city/sobha-elwood/apartments/3-bedroom/,/our-communities/mohammed-bin-r-city/sobha-elwood/apartments/3-bedroom/
245,/our-communities/mohammed-bin-rاشد-city/sobha-central/,/our-communities/mohammed-bin-r-city/sobha-central/
246,/our-communities/mohammed-bin-rاشد-city/sobha-central/apartments/,/our-communities/mohammed-bin-r-city/sobha-central/apartments/
247,/our-communities/mohammed-bin-rاشد-city/sobha-central/apartments/1-bedroom/,/our-communities/mohammed-bin-r-city/sobha-central/apartments/1-bedroom/
248,/our-communities/mohammed-bin-rاشد-city/sobha-central/apartments/2-bedroom/,/our-communities/mohammed-bin-r-city/sobha-central/apartments/2-bedroom/
249,/our-communities/mohammed-bin-rاشد-city/sobha-privy-collection/,/our-communities/mohammed-bin-r-city/sobha-privy-collection/
250,/our-communities/mohammed-bin-rاشد-city/sobha-privy-collection/apartments/,/our-communities/mohammed-bin-r-city/sobha-privy-collection/apartments/
251,/our-communities/mohammed-bin-rاشد-city/sobha-privy-collection/apartments/1-bedroom/,/our-communities/mohammed-bin-r-city/sobha-privy-collection/apartments/1-bedroom/
252,/our-communities/mohammed-bin-rاشد-city/sobha-privy-collection/apartments/1.5-bedroom/,/our-communities/mohammed-bin-r-city/sobha-privy-collection/apartments/1.5-bedroom/
253,/our-communities/mohammed-bin-rاشد-city/sobha-privy-collection/apartments/2-bedroom/,/our-communities/mohammed-bin-r-city/sobha-privy-collection/apartments/2-bedroom/
254,/our-communities/mohammed-bin-rاشد-city/sobha-coraline/,/our-communities/mohammed-bin-r-city/sobha-coraline/
255,/our-communities/mohammed-bin-rاشد-city/sobha-coraline/apartments/,/our-communities/mohammed-bin-r-city/sobha-coraline/apartments/
256,/our-communities/mohammed-bin-rاشد-city/sobha-coraline/apartments/1-bedroom/,/our-communities/mohammed-bin-r-city/sobha-coraline/apartments/1-bedroom/
257,/our-communities/mohammed-bin-rاشد-city/sobha-coraline/apartments/1.5-bedroom/,/our-communities/mohammed-bin-r-city/sobha-coraline/apartments/1.5-bedroom/
258,/our-communities/mohammed-bin-rاشد-city/sobha-coraline/apartments/2-bedroom/,/our-communities/mohammed-bin-r-city/sobha-coraline/apartments/2-bedroom/
259,/our-communities/mohammed-bin-rاشد-city/sobha-selene/,/our-communities/mohammed-bin-r-city/sobha-selene/
260,/our-communities/mohammed-bin-rاشد-city/sobha-selene/apartments/,/our-communities/mohammed-bin-r-city/sobha-selene/apartments/
261,/our-communities/mohammed-bin-rاشد-city/sobha-selene/apartments/1-bedroom/,/our-communities/mohammed-bin-r-city/sobha-selene/apartments/1-bedroom/
262,/our-communities/mohammed-bin-rاشد-city/sobha-selene/apartments/1.5-bedroom/,/our-communities/mohammed-bin-r-city/sobha-selene/apartments/1.5-bedroom/
263,/our-communities/mohammed-bin-rاشد-city/sobha-selene/apartments/2-bedroom/,/our-communities/mohammed-bin-r-city/sobha-selene/apartments/2-bedroom/
264,/our-communities/mohammed-bin-rاشد-city/sobha-waves-opulence/,/our-communities/mohammed-bin-r-city/sobha-waves-opulence/
265,/our-communities/mohammed-bin-rاشد-city/sobha-waves-opulence/apartments/,/our-communities/mohammed-bin-r-city/sobha-waves-opulence/apartments/
266,/our-communities/mohammed-bin-rاشد-city/sobha-waves-opulence/apartments/1-bedroom/,/our-communities/mohammed-bin-r-city/sobha-waves-opulence/apartments/1-bedroom/
267,/our-communities/mohammed-bin-rاشد-city/sobha-waves-opulence/apartments/2-bedroom/,/our-communities/mohammed-bin-r-city/sobha-waves-opulence/apartments/2-bedroom/
268,/our-communities/mohammed-bin-rاشد-city/sobha-waves-opulence/apartments/3-bedroom/,/our-communities/mohammed-bin-r-city/sobha-waves-opulence/apartments/3-bedroom/
