file,line,path,issue
damas-tree.md,3,/damac-hills/,base_prefix_mismatch (base=/communities/)
damas-tree.md,4,/damac-hills/damac-hills-estate/,base_prefix_mismatch (base=/communities/)
damas-tree.md,5,/damac-hills/damac-hills-estate/apartments/,base_prefix_mismatch (base=/communities/)
damas-tree.md,6,/damac-hills/damac-hills-estate/apartments/1-bedroom/,base_prefix_mismatch (base=/communities/)
damas-tree.md,7,/damac-hills/damac-hills-estate/apartments/2-bedroom/,base_prefix_mismatch (base=/communities/)
damas-tree.md,8,/damac-hills/damac-hills-estate/apartments/3-bedroom/,base_prefix_mismatch (base=/communities/)
damas-tree.md,9,/damac-hills/damac-hills-estate/apartments/penthouses/,base_prefix_mismatch (base=/communities/)
damas-tree.md,10,/damac-hills-2/,base_prefix_mismatch (base=/communities/)
damas-tree.md,11,/damac-hills-2/akoya-oxygen/,base_prefix_mismatch (base=/communities/)
damas-tree.md,12,/damac-hills-2/akoya-oxygen/akoya-by-damac/,base_prefix_mismatch (base=/communities/)
damas-tree.md,13,/damac-hills-2/akoya-oxygen/akoya-by-damac/apartments/,base_prefix_mismatch (base=/communities/)
damas-tree.md,14,/damac-hills-2/akoya-oxygen/akoya-by-damac/apartments/studio/,base_prefix_mismatch (base=/communities/)
damas-tree.md,15,/damac-hills-2/akoya-oxygen/akoya-by-damac/apartments/1-bedroom/,base_prefix_mismatch (base=/communities/)
damas-tree.md,16,/damac-hills-2/akoya-oxygen/akoya-by-damac/apartments/2-bedroom/,base_prefix_mismatch (base=/communities/)
damas-tree.md,17,/damac-hills-2/akoya-oxygen/akoya-by-damac/apartments/3-bedroom/,base_prefix_mismatch (base=/communities/)
damas-tree.md,18,/damac-hills-2/akoya-oxygen/apartments/,base_prefix_mismatch (base=/communities/)
damas-tree.md,19,/damac-hills-2/akoya-oxygen/apartments/1-bedroom/,base_prefix_mismatch (base=/communities/)
damas-tree.md,20,/damac-hills-2/akoya-oxygen/apartments/2-bedroom/,base_prefix_mismatch (base=/communities/)
damas-tree.md,21,/damac-hills-2/akoya-oxygen/apartments/3-bedroom/,base_prefix_mismatch (base=/communities/)
damas-tree.md,22,/damac-lagoons/,base_prefix_mismatch (base=/communities/)
damas-tree.md,23,/damac-lagoons/monaco-cluster/,base_prefix_mismatch (base=/communities/)
damas-tree.md,24,/damac-lagoons/monaco-cluster/apartments/,base_prefix_mismatch (base=/communities/)
damas-tree.md,25,/damac-lagoons/monaco-cluster/apartments/1-bedroom/,base_prefix_mismatch (base=/communities/)
damas-tree.md,26,/damac-lagoons/monaco-cluster/apartments/2-bedroom/,base_prefix_mismatch (base=/communities/)
damas-tree.md,27,/damac-lagoons/monaco-cluster/apartments/3-bedroom/,base_prefix_mismatch (base=/communities/)
damas-tree.md,28,/damac-lagoons/maldives-cluster/,base_prefix_mismatch (base=/communities/)
damas-tree.md,29,/damac-lagoons/maldives-cluster/apartments/,base_prefix_mismatch (base=/communities/)
damas-tree.md,30,/damac-lagoons/maldives-cluster/apartments/2-bedroom/,base_prefix_mismatch (base=/communities/)
damas-tree.md,31,/damac-lagoons/maldives-cluster/apartments/3-bedroom/,base_prefix_mismatch (base=/communities/)
damas-tree.md,32,/damac-lagoons/maldives-cluster/apartments/4-bedroom/,base_prefix_mismatch (base=/communities/)
damas-tree.md,33,/damac-lagoons/venice-cluster/,base_prefix_mismatch (base=/communities/)
damas-tree.md,34,/damac-lagoons/venice-cluster/apartments/,base_prefix_mismatch (base=/communities/)
damas-tree.md,35,/damac-lagoons/venice-cluster/apartments/1-bedroom/,base_prefix_mismatch (base=/communities/)
damas-tree.md,36,/damac-lagoons/venice-cluster/apartments/2-bedroom/,base_prefix_mismatch (base=/communities/)
damas-tree.md,37,/damac-lagoons/venice-cluster/apartments/3-bedroom/,base_prefix_mismatch (base=/communities/)
damas-tree.md,38,/damac-riverside/,base_prefix_mismatch (base=/communities/)
damas-tree.md,39,/damac-riverside/safwa-residences/,base_prefix_mismatch (base=/communities/)
damas-tree.md,40,/damac-riverside/safwa-residences/apartments/,base_prefix_mismatch (base=/communities/)
damas-tree.md,41,/damac-riverside/safwa-residences/apartments/1-bedroom/,base_prefix_mismatch (base=/communities/)
damas-tree.md,42,/damac-riverside/safwa-residences/apartments/2-bedroom/,base_prefix_mismatch (base=/communities/)
damas-tree.md,43,/damac-riverside/safwa-residences/apartments/3-bedroom/,base_prefix_mismatch (base=/communities/)
damas-tree.md,44,/damac-riverside/noor-residences/,base_prefix_mismatch (base=/communities/)
damas-tree.md,45,/damac-riverside/noor-residences/apartments/,base_prefix_mismatch (base=/communities/)
damas-tree.md,46,/damac-riverside/noor-residences/apartments/2-bedroom/,base_prefix_mismatch (base=/communities/)
damas-tree.md,47,/damac-riverside/noor-residences/apartments/3-bedroom/,base_prefix_mismatch (base=/communities/)
damas-tree.md,48,/damac-riverside/noor-residences/apartments/penthouses/,base_prefix_mismatch (base=/communities/)
damas-tree.md,49,/damac-islands/,base_prefix_mismatch (base=/communities/)
damas-tree.md,50,/damac-islands/monte-carlo/,base_prefix_mismatch (base=/communities/)
damas-tree.md,51,/damac-islands/monte-carlo/apartments/,base_prefix_mismatch (base=/communities/)
damas-tree.md,52,/damac-islands/monte-carlo/apartments/1-bedroom/,base_prefix_mismatch (base=/communities/)
damas-tree.md,53,/damac-islands/monte-carlo/apartments/2-bedroom/,base_prefix_mismatch (base=/communities/)
damas-tree.md,54,/damac-islands/monte-carlo/apartments/3-bedroom/,base_prefix_mismatch (base=/communities/)
damas-tree.md,55,/damac-islands/santorini/,base_prefix_mismatch (base=/communities/)
damas-tree.md,56,/damac-islands/santorini/apartments/,base_prefix_mismatch (base=/communities/)
damas-tree.md,57,/damac-islands/santorini/apartments/studio/,base_prefix_mismatch (base=/communities/)
damas-tree.md,58,/damac-islands/santorini/apartments/1-bedroom/,base_prefix_mismatch (base=/communities/)
damas-tree.md,59,/damac-islands/santorini/apartments/2-bedroom/,base_prefix_mismatch (base=/communities/)
damas-tree.md,60,/damac-islands/santorini/apartments/3-bedroom/,base_prefix_mismatch (base=/communities/)
damas-tree.md,61,/damac-sun-city/,base_prefix_mismatch (base=/communities/)
damas-tree.md,62,/damac-sun-city/solar-residences/,base_prefix_mismatch (base=/communities/)
damas-tree.md,63,/damac-sun-city/solar-residences/apartments/,base_prefix_mismatch (base=/communities/)
damas-tree.md,64,/damac-sun-city/solar-residences/apartments/1-bedroom/,base_prefix_mismatch (base=/communities/)
damas-tree.md,65,/damac-sun-city/solar-residences/apartments/2-bedroom/,base_prefix_mismatch (base=/communities/)
damas-tree.md,66,/damac-sun-city/solar-residences/apartments/3-bedroom/,base_prefix_mismatch (base=/communities/)
damas-tree.md,67,/damac-sun-city/sun-villas/,base_prefix_mismatch (base=/communities/)
damas-tree.md,68,/damac-sun-city/sun-villas/apartments/,base_prefix_mismatch (base=/communities/)
damas-tree.md,69,/damac-sun-city/sun-villas/apartments/2-bedroom/,base_prefix_mismatch (base=/communities/)
damas-tree.md,70,/damac-sun-city/sun-villas/apartments/3-bedroom/,base_prefix_mismatch (base=/communities/)
damas-tree.md,71,/damac-park-avenue/,base_prefix_mismatch (base=/communities/)
damas-tree.md,72,/damac-park-avenue/central-park-view/,base_prefix_mismatch (base=/communities/)
damas-tree.md,73,/damac-park-avenue/central-park-view/apartments/,base_prefix_mismatch (base=/communities/)
damas-tree.md,74,/damac-park-avenue/central-park-view/apartments/1-bedroom/,base_prefix_mismatch (base=/communities/)
damas-tree.md,75,/damac-park-avenue/central-park-view/apartments/2-bedroom/,base_prefix_mismatch (base=/communities/)
damas-tree.md,76,/damac-park-avenue/central-park-view/apartments/3-bedroom/,base_prefix_mismatch (base=/communities/)
damas-tree.md,77,/damac-park-avenue/edge-residences/,base_prefix_mismatch (base=/communities/)
damas-tree.md,78,/damac-park-avenue/edge-residences/apartments/,base_prefix_mismatch (base=/communities/)
damas-tree.md,79,/damac-park-avenue/edge-residences/apartments/2-bedroom/,base_prefix_mismatch (base=/communities/)
damas-tree.md,80,/damac-park-avenue/edge-residences/apartments/3-bedroom/,base_prefix_mismatch (base=/communities/)
damas-tree.md,81,/damac-park-avenue/edge-residences/apartments/penthouses/,base_prefix_mismatch (base=/communities/)
damas-tree.md,82,/damac-valleys/,base_prefix_mismatch (base=/communities/)
damas-tree.md,83,/damac-valleys/valley-villas/,base_prefix_mismatch (base=/communities/)
damas-tree.md,84,/damac-valleys/valley-villas/apartments/,base_prefix_mismatch (base=/communities/)
damas-tree.md,85,/damac-valleys/valley-villas/apartments/1-bedroom/,base_prefix_mismatch (base=/communities/)
damas-tree.md,86,/damac-valleys/valley-villas/apartments/2-bedroom/,base_prefix_mismatch (base=/communities/)
damas-tree.md,87,/damac-valleys/valley-apartments/,base_prefix_mismatch (base=/communities/)
damas-tree.md,88,/damac-valleys/valley-apartments/apartments/,base_prefix_mismatch (base=/communities/)
damas-tree.md,89,/damac-valleys/valley-apartments/apartments/1-bedroom/,base_prefix_mismatch (base=/communities/)
damas-tree.md,90,/damac-valleys/valley-apartments/apartments/2-bedroom/,base_prefix_mismatch (base=/communities/)
damas-tree.md,91,/damac-valleys/valley-apartments/apartments/3-bedroom/,base_prefix_mismatch (base=/communities/)
damas-tree.md,92,/damac-valleys/valley-apartments/apartments/4-bedroom/,base_prefix_mismatch (base=/communities/)
damas-tree.md,93,/damac-hills-akoya/,base_prefix_mismatch (base=/communities/)
damas-tree.md,94,/damac-hills-akoya/akoya-avenue/,base_prefix_mismatch (base=/communities/)
damas-tree.md,95,/damac-hills-akoya/akoya-avenue/apartments/,base_prefix_mismatch (base=/communities/)
damas-tree.md,96,/damac-hills-akoya/akoya-avenue/apartments/studio/,base_prefix_mismatch (base=/communities/)
damas-tree.md,97,/damac-hills-akoya/akoya-avenue/apartments/1-bedroom/,base_prefix_mismatch (base=/communities/)
damas-tree.md,98,/damac-hills-akoya/akoya-avenue/apartments/2-bedroom/,base_prefix_mismatch (base=/communities/)
damas-tree.md,99,/damac-hills-akoya/akoya-avenue/apartments/3-bedroom/,base_prefix_mismatch (base=/communities/)
damas-tree.md,100,/damac-akoya-avenue/,base_prefix_mismatch (base=/communities/)
damas-tree.md,101,/damac-akoya-avenue/apartments/,base_prefix_mismatch (base=/communities/)
damas-tree.md,102,/damac-akoya-avenue/apartments/1-bedroom/,base_prefix_mismatch (base=/communities/)
damas-tree.md,103,/damac-akoya-avenue/apartments/2-bedroom/,base_prefix_mismatch (base=/communities/)
damas-tree.md,104,/damac-akoya-avenue/apartments/3-bedroom/,base_prefix_mismatch (base=/communities/)
damas-tree.md,105,/damac-dubai-200/,base_prefix_mismatch (base=/communities/)
damas-tree.md,106,/damac-dubai-200/apartments/,base_prefix_mismatch (base=/communities/)
damas-tree.md,107,/damac-dubai-200/apartments/1-bedroom/,base_prefix_mismatch (base=/communities/)
damas-tree.md,108,/damac-dubai-200/apartments/2-bedroom/,base_prefix_mismatch (base=/communities/)
damas-tree.md,109,/damac-dubai-200/apartments/3-bedroom/,base_prefix_mismatch (base=/communities/)
damas-tree.md,110,/damac-akoya-hills/,base_prefix_mismatch (base=/communities/)
damas-tree.md,111,/damac-akoya-hills/apartments/,base_prefix_mismatch (base=/communities/)
damas-tree.md,112,/damac-akoya-hills/apartments/studio/,base_prefix_mismatch (base=/communities/)
damas-tree.md,113,/damac-akoya-hills/apartments/1-bedroom/,base_prefix_mismatch (base=/communities/)
damas-tree.md,114,/damac-akoya-hills/apartments/2-bedroom/,base_prefix_mismatch (base=/communities/)
damas-tree.md,115,/damac-akoya-hills/apartments/3-bedroom/,base_prefix_mismatch (base=/communities/)
damas-tree.md,116,/for-sale/dubai/properties/,base_prefix_mismatch (base=/communities/)
damas-tree.md,117,/for-sale/dubai/properties/apartments/,base_prefix_mismatch (base=/communities/)
damas-tree.md,118,/for-sale/dubai/properties/apartments/studio/,base_prefix_mismatch (base=/communities/)
damas-tree.md,119,/for-sale/dubai/properties/apartments/1-bedroom/,base_prefix_mismatch (base=/communities/)
damas-tree.md,120,/for-sale/dubai/properties/apartments/2-bedroom/,base_prefix_mismatch (base=/communities/)
damas-tree.md,121,/for-sale/dubai/properties/apartments/3-bedroom/,base_prefix_mismatch (base=/communities/)
damas-tree.md,122,/for-sale/dubai/properties/apartments/4-bedroom/,base_prefix_mismatch (base=/communities/)
